Trt*,DAP,Yield,LAI,FSolar,Biomass
1,20,,0.095,0.055405931,64.75
1,32,,0.25,0.139292024,190.7
1,42,,0.863,0.404170067,453
1,52,,2.382,0.760499554,1300
1,62,,3.47,0.875319399,2713
1,72,,4.95,0.94869669,4448
1,82,,4.307,0.924543579,6367
1,92,,4.687,0.939927313,8998
1,101,,3.612,0.885502238,9992
1,111,,4.06,0.912489807,14697
1,119,,3.85,0.900738748,17172
1,129,,1.785,0.65733432,18469
1,139,8236,0.023,0.013705217,16818
